id;direccion;ciudad;pais
1;communities;Planner;deliverables
2;open-source;JBOD programming;Chips
3;transmit Turkish Lira;override;azure
4;Azerbaijanian Manat cultivate Open-source;National Engineer Steel;Facilitator Function-based
5;channels Tasty;Beauty enable;deposit
6;Executive out-of-the-box;Lights Vatu;Courts
7;Internal;Sausages e-enable Streets;quantify
8;Personal Loan Account Strategist Regional;navigate;Liaison open-source Wooden
9;initiatives;Yuan Renminbi;Sausages
10;Gibraltar Pound monitoring;Synchronised Car Nevada;cross-platform 24 hour uniform
